Software Used: DB Browser (SQLite)
99289_97357_97267


INSERT INTO policyholder (Policyholder_ID, Policyholder_Name, Phone_Num, Policyholder_DOB, Policyholder_Email)
VALUES 
('950615137676', 'Nur Alya Maisarah', '0143287780', '1995-06-15', 'nuralya@gmail.com'),
('010521103409', 'Andrew Jason', '0165565430', '2001-05-21', 'andrewj@gmail.com'),
('000310105969', 'Michelle Luna', '0119972273', '2000-03-10', 'michelle@gmail.com'),
('021231120076', 'Kuganeswaran', '0136014428', '2002-12-31', 'kugan@gmail.com'),
('990714106568', 'Tan Kah Xin', '0145562121', '1999-07-14', 'tkxin@gmail.com'),
('930213155570', 'Leshvina Irene', '0128722514', '1993-02-13', 'leshvina@gmail.com'),
('021130040088', 'Irshad Haikal', '0167195201', '2002-11-30', 'irshadh@gmail.com'),
('970125110410', 'Davina Karamoy', '0134326546', '1997-01-25', 'davinakaramoy@gmail.com'),
('980902109432', 'Samuel Lee', '0198765432', '1998-09-02', 'samlee@gmail.com'),
('890815123789', 'Emily Carter', '0172233445', '1989-08-15', 'emilyc@gmail.com'),
('940301111222', 'Alex Tan', '0189987654', '1994-03-01', 'alextan@gmail.com'),
('021005123456', 'Siti Noor Aina', '0133456789', '2002-10-05', 'sitinaina@gmail.com'),
('961201109876', 'John Michael', '0145671234', '1996-12-01', 'johnmichael@gmail.com'),
('880715101234', 'Rebecca Low', '0128765432', '1988-07-15', 'rebeccalow@gmail.com'),
('900912112345', 'Hafiz Rahman', '0169987123', '1990-09-12', 'hafizrahman@gmail.com');


INSERT INTO vehicle (Car_Registration_Num, Vehicle_Type, Policyholder_ID)
VALUES ('SYF 1502 A', 'Hatchback', '950615137676'),
('WXW 4566 N', 'SUV', '010521103409'),
('QAA 9010 J', 'Sedan', '000310105969'),
('WUV 5347', 'Sedan', '021231120076'),
('BLE 2277', 'MPV', '990714106568'),
('JFC 836', 'SUV', '930213155570'),
('KEV 5535', 'MPV', '021130040088'),
('ONG 7', 'Sedan', '970125110410'),
('XYX 8801', 'Hatchback', '980902109432'),
('PLA 1234 B', 'Convertible', '890815123789'),
('MNC 5602', 'Hatchback', '010521103409'),
('JGF 7789', 'SUV', '950615137676'),
('TRU 2039 Z', 'Convertible', '980902109432'),
('LQR 4562', 'Sedan', '930213155570'),
('DCX 9821', 'SUV', '890815123789'),
('MCY 9871', 'Motorcycle', '940301111222'),
('JWB 4512', 'Coupe', '021005123456'),
('WCU 2345', 'Hatchback', '961201109876'),
('SYG 7753', 'SUV', '880715101234'),
('CMP 2210', 'MPV', '900912112345'),
('MCY 6784', 'Motorcycle', '900912112345'),
('BMW 1123', 'MPV', '990714106568'),
('SMK 8891', 'Sedan', '880715101234'),
('HCH 4532', 'Sedan', '021231120076'),
('MAN 5632', 'Motorcycle', '970125110410'),
('LG 4451', 'Coupe', '980902109432'),
('VS 3321', 'SUV', '890815123789'),
('QAF 9932', 'Hatchback', '950615137676'),
('SAC 8043', 'Sedan', '950615137676'),
('VAT 7754', 'Sedan', '021130040088');


INSERT INTO bills (Bill_ID, Payment_Status)
VALUES 
('B001', 'PAID'),
('B002', 'PAID'),
('B003', 'PAID'),
('B004', 'PAID'),
('B005', 'PAID'),
('B006', 'PAID'),
('B007', 'PAID'),
('B008', 'PAID'),
('B009', 'PAID'),
('B010', 'PAID'),
('B011', 'PAID'),
('B012', 'PAID'),
('B013', 'PAID'),
('B014', 'PAID'),
('B015', 'PAID'),
('B016', 'UNPAID'),
('B017', 'PAID'),
('B018', 'PAID'),
('B019', 'UNPAID'),
('B020', 'PAID'),
('B021', 'PAID'),
('B022', 'UNPAID'),
('B023', 'PAID'),
('B024', 'PAID'),
('B025', 'UNPAID'),
('B026', 'PAID'),
('B027', 'UNPAID'),
('B028', 'PAID'),
('B029', 'PAID'),
('B030', 'UNPAID');


INSERT INTO policy (Policy_ID, Policy_Type, Policy_Purpose, Policy_Start_Date, Policy_End_Date, Coverage_Details, Premium_Amount, Car_Registration_Num, Bill_ID)
VALUES 
('P001', 'Comprehensive', 'Personal', '2024-02-11', '2029-02-14', 'Full Coverage', 700.00, 'SYF 1502 A', 'B001'),
('P002', 'Third-Party', 'Commercial', '2024-01-01', '2028-01-01', 'Third-Party Damage', 450.00, 'WXW 4566 N', 'B002'),
('P003', 'Comprehensive', 'Personal', '2024-05-20', '2028-05-20', 'Full Coverage', 750.00, 'QAA 9010 J', 'B003'),
('P004', 'Third-Party', 'Personal', '2024-10-15', '2027-10-15', 'Third-Party Damage', 400.00, 'WUV 5347', 'B004'),
('P005', 'Comprehensive', 'Commercial', '2024-04-05', '2029-04-05', 'Full Coverage', 800.00, 'BLE 2277', 'B005'),
('P006', 'Third-Party', 'Personal', '2024-06-10', '2028-06-10', 'Third-Party Damage', 390.00, 'JFC 836', 'B006'),
('P007', 'Comprehensive', 'Personal', '2024-11-25', '2028-11-25', 'Full Coverage', 850.00, 'KEV 5535', 'B007'),
('P008', 'Comprehensive', 'Commercial', '2024-03-01', '2029-03-01', 'Full Coverage', 920.00, 'ONG 7', 'B008'),
('P009', 'Third-Party', 'Personal', '2024-07-15', '2028-07-15', 'Third-Party Damage', 370.00, 'XYX 8801', 'B009'),
('P010', 'Comprehensive', 'Commercial', '2024-02-01', '2028-02-01', 'Full Coverage', 980.00, 'PLA 1234 B', 'B010'),
('P011', 'Comprehensive', 'Personal', '2024-12-20', '2027-12-20', 'Full Coverage', 720.00, 'MNC 5602', 'B011'),
('P012', 'Third-Party', 'Personal', '2024-06-15', '2029-06-15', 'Third-Party Damage', 350.00, 'JGF 7789', 'B012'),
('P013', 'Comprehensive', 'Personal', '2024-09-10', '2028-09-10', 'Full Coverage', 890.00, 'TRU 2039 Z', 'B013'),
('P014', 'Third-Party', 'Commercial', '2024-03-25', '2028-03-25', 'Third-Party Damage', 420.00, 'LQR 4562', 'B014'),
('P015', 'Comprehensive', 'Personal', '2024-07-30', '2029-07-30', 'Full Coverage', 760.00, 'DCX 9821', 'B015'),
('P016', 'Third-Party', 'Commercial', '2024-11-11', '2028-11-11', 'Third-Party Damage', 490.00, 'MCY 9871', 'B016'),
('P017', 'Comprehensive', 'Personal', '2024-05-01', '2029-05-01', 'Full Coverage', 830.00, 'JWB 4512', 'B017'),
('P018', 'Comprehensive', 'Commercial', '2024-12-20', '2028-12-20', 'Full Coverage', 920.00, 'WCU 2345', 'B018'),
('P019', 'Third-Party', 'Personal', '2024-02-15', '2029-02-15', 'Third-Party Damage', 370.00, 'SYG 7753', 'B019'),
('P020', 'Comprehensive', 'Personal', '2024-08-05', '2028-08-05', 'Full Coverage', 910.00, 'CMP 2210', 'B020'),
('P021', 'Comprehensive', 'Commercial', '2024-01-01', '2029-01-01', 'Full Coverage', 950.00, 'MCY 6784', 'B021'),
('P022', 'Third-Party', 'Personal', '2024-03-20', '2029-03-20', 'Third-Party Damage', 380.00, 'BMW 1123', 'B022'),
('P023', 'Comprehensive', 'Commercial', '2024-04-01', '2028-04-01', 'Full Coverage', 980.00, 'SMK 8891', 'B023'),
('P024', 'Comprehensive', 'Personal', '2024-07-15', '2028-07-15', 'Full Coverage', 890.00, 'HCH 4532', 'B024'),
('P025', 'Third-Party', 'Commercial', '2024-06-10', '2028-06-10', 'Third-Party Damage', 410.00, 'MAN 5632', 'B025'),
('P026', 'Comprehensive', 'Personal', '2024-10-25', '2028-10-25', 'Full Coverage', 870.00, 'LG 4451', 'B026'),
('P027', 'Third-Party', 'Personal', '2024-12-01', '2028-12-01', 'Third-Party Damage', 400.00, 'VS 3321', 'B027'),
('P028', 'Comprehensive', 'Commercial', '2024-02-20', '2028-02-20', 'Full Coverage', 930.00, 'QAF 9932', 'B028'),
('P029', 'Third-Party', 'Personal', '2024-05-10', '2028-05-10', 'Third-Party Damage', 360.00, 'SAC 8043', 'B029'),
('P030', 'Comprehensive', 'Personal', '2024-03-15', '2029-03-15', 'Full Coverage', 800.00, 'VAT 7754', 'B030');

